{"name":"193febee-7f0a-4067-98a8-7d16c81a47ac","id":"/providers/Microsoft.Flow/flows/193febee-7f0a-4067-98a8-7d16c81a47ac","type":"Microsoft.Flow/flows","properties":{"apiId":"/providers/Microsoft.PowerApps/apis/shared_logicflows","displayName":"richmenuswitch","definition":{"metadata":{"workflowEntityId":null,"processAdvisorMetadata":null,"flowclientsuspensionreason":"None","flowclientsuspensiontime":null,"flowclientsuspensionreasondetails":null,"creator":{"id":"63aea999-ca25-42b8-8d16-8012f069b841","type":"User","tenantId":"dd5ad2de-2324-4dfc-aae9-df5a3cf72477"},"provisioningMethod":"FromDefinition","failureAlertSubscription":true,"clientLastModifiedTime":"2022-09-03T16:14:08.2442179Z"},"$schema":"https://schema.management.azure.com/providers/Microsoft.Logic/schemas/2016-06-01/workflowdefinition.json#","contentVersion":"1.0.0.0","parameters":{"$connections":{"defaultValue":{},"type":"Object"},"$authentication":{"defaultValue":{},"type":"SecureObject"}},"triggers":{"manual":{"metadata":{"operationMetadataId":"f72681be-edd9-439c-90ae-9c4193f1eb8e"},"type":"Request","kind":"Button","inputs":{"schema":{"type":"object","properties":{},"required":[]}}}},"actions":{"変数を初期化する":{"runAfter":{},"metadata":{"operationMetadataId":"53b3bc2d-1e3c-4330-8f3f-45b4ad9607a6"},"type":"InitializeVariable","inputs":{"variables":[{"name":"accese token","type":"string","value":"xxx"}]}},"HTTP":{"runAfter":{"変数を初期化する":["Succeeded"]},"metadata":{"operationMetadataId":"702eca94-721e-4092-85a7-7a3be1e0844d"},"type":"Http","inputs":{"method":"POST","uri":"https://api.line.me/v2/bot/richmenu","headers":{"Authorization":"Bearer @{variables('accese token')}","Content-Type":"application/json"},"body":{"size":{"width":2500,"height":1686},"selected":false,"name":"Hands On Menu A","chatBarText":"Tap to open","areas":[{"bounds":{"x":1250,"y":0,"width":1250,"height":50},"action":{"type":"richmenuswitch","richMenuAliasId":"hands-on-richmenu-alias-b","data":"richmenu-changed-to-b"}},{"bounds":{"x":0,"y":70,"width":1250,"height":750},"action":{"type":"uri","uri":"https://line.me/R/nv/camera/"}},{"bounds":{"x":1250,"y":70,"width":1250,"height":750},"action":{"type":"uri","uri":"https://line.me/R/nv/location/"}},{"bounds":{"x":0,"y":830,"width":1250,"height":800},"action":{"type":"message","text":"flex"}},{"bounds":{"x":1250,"y":830,"width":1250,"height":800},"action":{"type":"message","text":"quick"}}]}}},"ファイル_コンテンツの取得":{"runAfter":{"HTTP":["Succeeded"]},"metadata":{"A2610B91280BCA67!2520":"/richmenu/tabA.png","operationMetadataId":"0b00ad0c-592e-449b-ba43-d8e1ebdee7ec"},"type":"OpenApiConnection","inputs":{"host":{"apiId":"/providers/Microsoft.PowerApps/apis/shared_onedrive","connectionName":"shared_onedrive","operationId":"GetFileContent"},"parameters":{"id":"A2610B91280BCA67!2520","inferContentType":true},"authentication":"@parameters('$authentication')"}},"HTTP_2":{"runAfter":{"ファイル_コンテンツの取得":["Succeeded"]},"metadata":{"operationMetadataId":"0a3c4e18-22bd-4951-b2e3-efdf625f7d9c"},"type":"Http","inputs":{"method":"POST","uri":"https://api-data.line.me/v2/bot/richmenu/@{body('HTTP')['richMenuId']}/content","headers":{"Authorization":"Bearer @{variables('accese token')}","Content-Type":"image/png"},"body":"@body('ファイル_コンテンツの取得')"}},"HTTP_3":{"runAfter":{"HTTP_2":["Succeeded"]},"metadata":{"operationMetadataId":"10dcbabd-62d3-4c44-b1d9-dfec310d6bfe"},"type":"Http","inputs":{"method":"POST","uri":"https://api.line.me/v2/bot/richmenu","headers":{"Authorization":"Bearer @{variables('accese token')}","Content-Type":"application/json"},"body":{"size":{"width":2500,"height":1686},"selected":false,"name":"Hands On Menu B","chatBarText":"Tap to open","areas":[{"bounds":{"x":0,"y":0,"width":1250,"height":50},"action":{"type":"richmenuswitch","richMenuAliasId":"hands-on-richmenu-alias-a","data":"richmenu-changed-to-a"}},{"bounds":{"x":0,"y":70,"width":1250,"height":750},"action":{"type":"uri","uri":"https://line.me/R/nv/camera/"}},{"bounds":{"x":1250,"y":70,"width":1250,"height":750},"action":{"type":"uri","uri":"https://line.me/R/nv/location/"}},{"bounds":{"x":0,"y":830,"width":1250,"height":800},"action":{"type":"message","text":"flex"}},{"bounds":{"x":1250,"y":830,"width":1250,"height":800},"action":{"type":"message","text":"quick"}}]}}},"HTTP_4":{"runAfter":{"ファイル_コンテンツの取得_2":["Succeeded"]},"metadata":{"operationMetadataId":"e8c08adb-5f25-4a54-911b-826fde7529e4"},"type":"Http","inputs":{"method":"POST","uri":"https://api-data.line.me/v2/bot/richmenu/@{body('HTTP_3')['richMenuId']}/content","headers":{"Authorization":"Bearer @{variables('accese token')}","Content-Type":"image/png"},"body":"@body('ファイル_コンテンツの取得_2')"}},"ファイル_コンテンツの取得_2":{"runAfter":{"HTTP_3":["Succeeded"]},"metadata":{"A2610B91280BCA67!2520":"/richmenu/tabA.png","A2610B91280BCA67!2521":"/richmenu/tabB.png","operationMetadataId":"232a6d47-39e3-47f6-8749-f5031c4bd665"},"type":"OpenApiConnection","inputs":{"host":{"apiId":"/providers/Microsoft.PowerApps/apis/shared_onedrive","connectionName":"shared_onedrive","operationId":"GetFileContent"},"parameters":{"id":"A2610B91280BCA67!2521","inferContentType":true},"authentication":"@parameters('$authentication')"}},"HTTP_5":{"runAfter":{"HTTP_4":["Succeeded"]},"metadata":{"operationMetadataId":"866c620b-6563-471e-86f4-3166058f30a8"},"type":"Http","inputs":{"method":"POST","uri":"https://api.line.me/v2/bot/user/all/richmenu/@{body('HTTP')['richMenuId']}","headers":{"Authorization":"Bearer @{variables('accese token')}"}}},"HTTP_6":{"runAfter":{"HTTP_5":["Succeeded"]},"metadata":{"operationMetadataId":"cc5a0ca1-a64d-43f6-9d3a-ba875cb3a6d0"},"type":"Http","inputs":{"method":"POST","uri":"https://api.line.me/v2/bot/richmenu/alias","headers":{"Authorization":"Bearer @{variables('accese token')}","Content-Type":"application/json"},"body":{"richMenuAliasId":"hands-on-richmenu-alias-a","richMenuId":"@body('HTTP')['richMenuId']"}}},"HTTP_7":{"runAfter":{"HTTP_6":["Succeeded"]},"metadata":{"operationMetadataId":"2c4a7285-3b5f-4f01-8ef9-5fa0f3e12005"},"type":"Http","inputs":{"method":"POST","uri":"https://api.line.me/v2/bot/richmenu/alias","headers":{"Authorization":"Bearer @{variables('accese token')}","Content-Type":"application/json"},"body":{"richMenuAliasId":"hands-on-richmenu-alias-b","richMenuId":"@body('HTTP_3')['richMenuId']"}}}}},"connectionReferences":{"shared_onedrive":{"connectionName":"d5b7f2a4f7124cb492d4df7995dddd07","source":"Embedded","id":"/providers/Microsoft.PowerApps/apis/shared_onedrive","tier":"NotSpecified"}},"flowFailureAlertSubscribed":false,"isManaged":false}}